N_res,npz_write,npz_size,hdf5_write,hdf5_size,zarr_write,zarr_size,npz_full_read,hdf5_full_read,zarr_full_read,npz_layer_read,hdf5_layer_read,zarr_layer_read,hdf5_head_read,zarr_head_read,zarr_random,hdf5_random,viz_hdf5,viz_zarr,zarr_parallel,hdf5_parallel,npz_write_MBps,hdf5_write_MBps,zarr_write_MBps,useful_bytes,hdf5_efficiency,zarr_efficiency
256,20.959038972854614,400619395,0.4188868999481201,432569736,3.2118980884552,387861993,0.0011882781982421875,0.0011639595031738281,0.0006070137023925781,0.008630990982055664,0.0006988048553466797,0.04167675971984863,0.00026297569274902344,0.004118919372558594,0.14974498748779297,0.029961109161376953,0.0058100223541259766,0.029222965240478516,0.09261107444763184,0.037297964096069336,19.114397159090533,1032.6647504459427,120.7578765945674,4096,15575584.029011786,994435.5860152813
512,83.98201513290405,1593689281,0.6405029296875,1720749448,10.872176885604858,1542865571,0.0007750988006591797,0.0013039112091064453,0.0003631114959716797,0.03376269340515137,0.004105806350708008,0.16460800170898438,0.0004391670227050781,0.012581825256347656,0.24428105354309082,0.0844881534576416,0.015540122985839844,0.05322766304016113,0.08516788482666016,0.0678720474243164,18.976554426301142,2686.559839530398,141.90953543469365,4096,9326747.65689468,325548.949897673
1024,348.0411250591278,6357243010,4.268572807312012,6864022920,44.16462802886963,6154440006,0.004289865493774414,0.0027647018432617188,0.00041222572326660156,0.14620518684387207,0.025741100311279297,1.0825958251953125,0.002031087875366211,0.0656440258026123,0.38530993461608887,0.13773298263549805,0.031294822692871094,0.09022998809814453,0.11237192153930664,0.08473801612854004,18.26578111687228,1608.036978599033,139.35224365474,4096,2016653.2672848925,62397.14810173936
2048,1411.5884323120117,25393961662,281.561222076416,27418226056,351.5809578895569,24585016703,0.011762857437133789,0.016555070877075195,0.0022859573364257812,0.556689977645874,0.09723091125488281,3.3311328887939453,0.0060617923736572266,0.21351218223571777,0.42122387886047363,0.2177579402923584,0.05145597457885742,0.10213494300842285,0.0932619571685791,0.1259291172027588,17.98963570451463,97.37926925377054,69.92704283695296,4096,675707.7358505408,19183.917081967764
